Asuranceturix;Asuranceturix@gmail.com;4sur4nc3tur1x;ACTIVO
Botarate;Botarate@gmail.com;B0t4r4t3;PENDIENTE
Calimero;Calimero@gmail.com;C4l1m3r0;BLOQUEADO
Daisy;Daisy@gmail.com;D41sy;ACTIVO
Eleonora;Eleonora@gmail.com;3l30n0r4;PENDIENTE
Freddy;Freddy@gmail.com;Fr3ddy;BLOQUEADO
Garabitas;Garabitas@gmail.com;G4r4b1t4s;ACTIVO
Hulio;Hulio@gmail.com;Hul10;PENDIENTE
Indie;Indie@gmail.com;1nd13;BLOQUEADO
Joker;Joker@gmail.com;J0k3r;ACTIVO
Kortatu;Kortatu@gmail.com;K0rt4tu;PENDIENTE
Linneo;Linneo@gmail.com;L1nn30;BLOQUEADO
Mastuerzo;Mastuerzo@gmail.com;M4stu3rz0;ACTIVO
NonStop;NonStop@gmail.com;N0nSt0p;PENDIENTE
Obelix;Obelix@gmail.com;0b3l1x;BLOQUEADO
PlinioElViejo;PlinioElViejo@gmail.com;Pl1n103lV13j0;ACTIVO
Quinito;Quinito@gmail.com;Qu1n1t0;PENDIENTE
Rosemary;Rosemary@gmail.com;R0s3m4ry;BLOQUEADO
SuperLópez;SuperLópez@gmail.com;Sup3rLóp3z;ACTIVO
Thanos;Thanos@gmail.com;Th4n0s;PENDIENTE
Umbreon;Umbreon@gmail.com;Umbr30n;BLOQUEADO
Venenito;Venenito@gmail.com;V3n3n1t0;ACTIVO
Westfalia;Westfalia@gmail.com;W3stf4l14;PENDIENTE
Xena;Xena@gmail.com;X3n4;BLOQUEADO
Yosemite;Yosemite@gmail.com;Y0s3m1t3;ACTIVO
Zorro;Zorro@gmail.com;Z0rr0;PENDIENTE